key_word,TF-IDF,albumIndex
divine,0.6635244323859875,1158
night,0.4811572315634183,1158
yonder,0.15081768666139544,1158
rejoices,0.15081768666139544,1158
glorious,0.14103363830291982,1158
weary,0.12977552421014685,1158
oh,0.1269710979245709,1158
morn,0.1259319977753217,1158
savior,0.12273234379012136,1158
christ,0.12131292403205392,1158
born,0.35788154746305956,1862
hark,0.3184608409986513,1862
herald,0.3184608409986513,1862
deo,0.2994727011593027,1862
king,0.2525890399870249,1862
excelsis,0.25014943161743514,1862
glory,0.2146331905909268,1862
angels,0.21242433464256336,1862
new,0.16431341015416265,1862
reconciled,0.15923042049932565,1862
caution,0.853553965927422,1932
proceed,0.4030671505768382,1932
dishonest,0.1840661250736341,1932
touch,0.09453547909840669,1932
face,0.0848017490218259,1932
kind,0.0786508507615151,1932
closer,0.07448071328382924,1932
harder,0.07399513875569992,1932
different,0.06934059929877448,1932
persist,0.06425912896516082,1932
babydoll,0.447163247645353,2113
check,0.3018779507593953,2113
obsessing,0.21347837418827142,2113
zoning,0.2063100044933186,2113
enfold,0.20074978498699864,2113
velvet,0.19236567761585618,2113
stressing,0.17337491602323563,2113
softly,0.1717667658346027,2113
suite,0.1688318858951505,2113
service,0.15610329669387768,2113
sweet,0.8091296248767195,2365
love,0.2835246681309751,2365
hangover,0.2201569400507688,2365
heartbreaker,0.21424174078208655,2365
incessantly,0.16270723196504966,2365
cure,0.13427320446543145,2365
ya,0.1292094031111108,2365
run,0.09319700015651478,2365
known,0.09148374884569314,2365
game,0.08614358172839377,2365
gone,0.4180653100329179,2995
fair,0.40215381948486845,2995
really,0.288756334145397,2995
tonight,0.2593338437151383,2995
let,0.20083342279243102,2995
avoiding,0.19881273340322336,2995
honesty,0.19154915486779936,2995
apologies,0.17567764668917504,2995
sympathy,0.17107427695123062,2995
right,0.16958095390913247,2995
sea,0.6653241985490325,3644
shining,0.32553247989493556,3644
america,0.26635093665571397,3644
spacious,0.19463137283149395,3644
majesties,0.19463137283149395,3644
fruited,0.19463137283149395,3644
brotherhood,0.1795961524783133,3644
grain,0.15765327650170227,3644
amber,0.1540296666187614,3644
thee,0.1482106886810377,3644
believe,0.5176019396879048,3649
miracles,0.49032429294369817,3649
achieve,0.3452909625984759,3649
somehow,0.2825718739541352,3649
frail,0.25245744254860564,3649
kill,0.15259131349510477,3649
hope,0.13293109184420696,3649
knows,0.11764041906313885,3649
hard,0.11217321428288174,3649
though,0.10083145829982691,3649
beautiful,0.4600127502394383,3650
mountains,0.3174629220463363,3650
flowers,0.3030106742798581,3650
loveliness,0.2362607037736734,3650
caresses,0.2362607037736734,3650
gazing,0.1997585541936039,3650
misty,0.19665724028358347,3650
halo,0.18697477651189995,3650
wider,0.18320682610677366,3650
gently,0.17991118854656027,3650
free,0.8092213346022517,3658
unsteady,0.17190032210320183,3658
unclouded,0.16413245712060956,3658
serenity,0.15434610461896803,3658
rained,0.14789999901777487,3658
soar,0.1453418163083317,3658
surrounding,0.14308533924058223,3658
uncertainty,0.14106685172153294,3658
washing,0.1392409076553691,3658
wandering,0.1392409076553691,3658
incessantly,0.2681475846266727,3671
heartbreaker,0.23538558437390347,3671
known,0.2261529434429367,3671
real,0.2129162861296292,3671
back,0.20847606016507175,3671
clue,0.19789998296934805,3671
love,0.18982405973557548,3671
give,0.18170166336663368,3671
coming,0.17778153246736195,3671
heart,0.1683204940432479,3671
heat,0.9189953088016878,3672
oh,0.17756169293019777,3672
sho,0.14503058856513493,3672
ain,0.12753464831173894,3672
one,0.11063908207762398,3672
bother,0.10109164321872081,3672
ho,0.08308390984799804,3672
think,0.0830675850409785,3672
sleep,0.06176914676881742,3672
boo,0.060911680417107004,3672
wondering,0.4356098241688666,3673
breathe,0.3561466624471098,3673
suffocating,0.2962225034009609,3673
told,0.24663056488815963,3673
drowning,0.23419260820948734,3673
enmity,0.17793836887518003,3673
innermost,0.17793836887518003,3673
recollections,0.17793836887518003,3673
would,0.17348177500652365,3673
select,0.16989765546793417,3673
sailed,0.4378362561941387,3728
sincere,0.4122936362922357,3728
softly,0.3746241506384097,3728
whisper,0.31056946107069794,3728
beside,0.2992851793307577,3728
blind,0.2655778544330405,3728
together,0.2133697175256574,3728
dark,0.21284799594941317,3728
beat,0.1946364427545035,3728
mine,0.18388866226415918,3728
butterfly,0.5327391512186777,3729
fly,0.4033622265505059,3729
spread,0.359828067107524,3729
wings,0.3179304944678158,3729
abandonedly,0.2543989071123698,3729
truly,0.20926607889190665,3729
prepare,0.1891155588635103,3729
become,0.18861840271621944,3729
return,0.17018112832570845,3729
meant,0.13069547142487262,3729
beat,0.5296667271467571,3730
make,0.3238642944211164,3730
mommy,0.29795864305669045,3730
supernatural,0.2804950320040863,3730
love,0.21670694582419298,3730
actually,0.21200713770176077,3730
rocky,0.19912787761392758,3730
talking,0.1804231251499253,3730
forever,0.17970211137286424,3730
sure,0.1754666608138002,3730
shake,0.8991189539777418,3744
gotta,0.290534013640241,3744
ooh,0.13075168474331392,3744
bounce,0.11925948896371066,3744
calgon,0.09056980911929366,3744
appreciates,0.08752857425212239,3744
commercial,0.08020095958487992,3744
everybody,0.07933825532937523,3744
somewhere,0.061083959592298766,3744
means,0.052022690284845,3744
christmas,0.7271462844220785,3745
air,0.20689169786826245,3745
da,0.19584868813586317,3745
dat,0.18353952984621114,3745
cheer,0.16508412681181062,3745
time,0.1318438665489971,3745
share,0.12901864629528245,3745
moment,0.11411858581690236,3745
sparkled,0.11405501011929645,3745
occupied,0.11405501011929645,3745
care,0.6582823140521844,3754
wither,0.26990457728071815,3754
memorize,0.23222112807179912,3754
really,0.21500840592155676,3754
materialize,0.13495228864035907,3754
decency,0.12885403853573868,3754
displaced,0.12885403853573868,3754
reflections,0.12885403853573868,3754
undeserving,0.12885403853573868,3754
even,0.12454155629935276,3754
warhol,0.6111862452096428,3755
andy,0.5363538726335414,3755
famous,0.36252034143415884,3755
future,0.33006499692308267,3755
everybody,0.25559982394752045,3755
said,0.18188107880745627,3755
preserve,0.0,3755
pressed,0.0,3755
press,0.0,3755
presidio,0.0,3755
eventually,0.31797884640741686,3770
heaven,0.3039941681074687,3770
sweet,0.27266271100136913,3770
along,0.2514635387191615,3770
we,0.2512703430520436,3770
shining,0.22637223182820673,3770
always,0.2248541940291061,3770
together,0.22208180729952715,3770
day,0.20937792169336705,3770
lost,0.19533733657080463,3770
control,0.49017417053066076,3771
cruisin,0.28432959636349986,3771
cruise,0.2544702425238734,3771
de,0.15661876143895342,3771
can,0.14107371702830504,3771
outta,0.126582737530189,3771
sagas,0.12336665273384143,3771
gong,0.12336665273384143,3771
alongside,0.11779193658400486,3771
cruised,0.11779193658400486,3771
love,0.3273691707534868,3772
sweet,0.3038224837894953,3772
back,0.25966508596095333,3772
wish,0.2582506231652006,3772
missin,0.25762498934064776,3772
irresponsible,0.20359616901160948,3772
play,0.1922176563689802,3772
sit,0.18665070141720005,3772
candy,0.17595032193544166,3772
skippin,0.17214067219606585,3772
westside,0.8085279429009127,3789
irresistible,0.26505500060373827,3789
mariah,0.18299169073954277,3789
oo,0.1287119158089121,3789
tried,0.12375617237760587,3789
pulls,0.10632535799024186,3789
drops,0.09538157798730025,3789
impossible,0.09331301491296298,3789
bitter,0.09149584536977139,3789
westiside,0.08956824507346857,3789
beautiful,0.5687734128239643,3790
pretend,0.27195184335686123,3790
oh,0.24665124221316903,3790
yeah,0.19463153577228984,3790
mean,0.1868384767504181,3790
fucking,0.16554801721808912,3790
thing,0.15727933438683697,3790
darling,0.14562348091002003,3790
bike,0.14270241374724174,3790
like,0.1297591677678683,3790
always,0.3552322038439886,3797
linger,0.32194563328841447,3797
indefinitely,0.29935122882777887,3797
darling,0.2984568408220396,3797
baby,0.2817222954260062,3797
part,0.2798198856716824,3797
shake,0.2269982522400386,3797
ooh,0.21845211559424235,3797
erase,0.2029225446270069,3797
escape,0.1933248852121265,3797
rainbow,0.723473061810557,3798
precedes,0.2969400198269931,3798
alright,0.270614993644543,3798
end,0.24502413560062603,3798
sunlight,0.23892081362566234,3798
find,0.21263256610367842,3798
thunder,0.20385921973995907,3798
sorrow,0.19942857747266113,3798
beyond,0.1974090055552966,3798
follow,0.15370971396198058,3798
come,0.3492320556034806,3799
bounce,0.34895503541729905,3799
mix,0.3436025754090409,3799
dj,0.3202940167756656,3799
wilma,0.27755061715868234,3799
saved,0.27623638480034146,3799
shake,0.24235574677210994,3799
ha,0.19712744545155508,3799
around,0.1756069005899511,3799
yeah,0.16138867034053583,3799
lalalala,0.4968744233039493,3800
lala,0.4584910099130245,3800
ooh,0.30216252822383705,3800
number,0.28407740172156404,3800
get,0.2194894511765194,3800
baby,0.18996788561899985,3800
damn,0.1824262615866139,3800
la,0.17668867892389853,3800
minute,0.12494571401282711,3800
bout,0.12335566575082313,3800
year,0.33114044366988593,3801
spirit,0.3023276519834243,3801
everywhere,0.23722794586127566,3801
yuletide,0.20828582496548004,3801
olden,0.20828582496548004,3801
air,0.20554094416642393,3801
fireside,0.19756058930044174,3801
carols,0.19756058930044174,3801
joyful,0.19756058930044174,3801
drawing,0.1947736260386888,3801
spirit,0.3100831012961301,3842
everywhere,0.24331342728387906,3842
years,0.22488237245937168,3842
olden,0.2136288696637647,3842
yuletide,0.2136288696637647,3842
air,0.21081357590788233,3842
fireside,0.20262850527324816,3842
carols,0.20262850527324816,3842
joyful,0.20262850527324816,3842
drawing,0.1997700495357951,3842
till,0.6676243699032832,3855
end,0.6085713390263509,3855
time,0.19096991049482315,3855
love,0.1738800651265285,3855
would,0.14057387163188412,3855
close,0.10115266136984213,3855
pray,0.09421115896230478,3855
need,0.09202034755407049,3855
save,0.08817386767456718,3855
every,0.08718172928857766,3855
born,0.6219634440699652,3856
jesus,0.2542244648437696,3856
god,0.2413059186891786,3856
today,0.23634164160942026,3856
day,0.2348531652176275,3856
grace,0.23313230204582794,3856
light,0.2118298377534816,3856
earth,0.20597881436988996,3856
christmas,0.2004824426144098,3856
child,0.19939604724186283,3856
awakens,0.43258429733369874,3863
amazingly,0.41303659448960306,3863
blessed,0.3826238671598222,3863
touching,0.29743270328765015,3863
feeling,0.20960215869417553,3863
precious,0.18692234424052687,3863
need,0.1789404602794839,3863
everything,0.14458354756543132,3863
adrift,0.1376788648298677,3863
heart,0.12528181753657214,3863
would,0.36186995237260594,3864
together,0.32481667057785524,3864
baby,0.3118820798469206,3864
unconditionally,0.27918966049132843,3864
mend,0.2285894462545577,3864
friend,0.22639694575238087,3864
best,0.1997345823350891,3864
sugar,0.1915800542365694,3864
side,0.18561836547525523,3864
promise,0.1850285596560377,3864
thee,0.424714165747036,3910
surrounding,0.3481847755825139,3910
tenderly,0.3481847755825139,3910
breaks,0.26824261204698147,3910
clouds,0.2290096033845667,3910
away,0.21829308857643046,3910
emptiness,0.21058063801882673,3910
give,0.19374332922923385,3910
loneliness,0.19269870942560532,3910
sweet,0.18726770722688735,3910
goes,0.7161654474251526,3912
baby,0.4739200459048471,3912
love,0.32181047288850767,3912
loving,0.2116904910955907,3912
delectable,0.10329761296839621,3912
loves,0.0860628989884797,3912
coming,0.08426087429401041,3912
see,0.07900234280541386,3912
pure,0.06940037325202605,3912
gimme,0.06720088968132328,3912
tonight,0.7637147538589945,3915
going,0.37160682947280044,3915
happens,0.23279130695367461,3915
floor,0.21629662289089582,3915
whatever,0.19279398555877553,3915
said,0.17432951615756564,3915
handle,0.10907320295391726,3915
everybody,0.10207813151613618,3915
business,0.09758649217312355,3915
ready,0.08502700233077001,3915
auld,0.6933194117863681,3928
syne,0.46221294119091205,3928
lang,0.39767984557409636,3928
acquaintance,0.2641216806805212,3928
forgot,0.1559069043398315,3928
happy,0.09620400772152364,3928
year,0.09212434673810686,3928
kindness,0.07926744143955063,3928
brought,0.06793927992703774,3928
new,0.0650592134584133,3928
birdland,0.5300781628016992,3929
lullaby,0.23470092908574164,3929
weepy,0.21203126512067966,3929
chanteuse,0.20244995532792165,3929
we,0.19682010979935166,3929
cry,0.18570604779459188,3929
piano,0.18242795312657523,3929
high,0.18001764196882153,3929
willow,0.1739995752838141,3929
love,0.17046612363421132,3929
remix,0.36276013569156806,3930
freak,0.2758988299718428,3930
motherfuckin,0.27206178565898925,3930
caress,0.18283907083058099,3930
shawty,0.17274956659039226,3930
million,0.16874207319681608,3930
ma,0.16873018385789476,3930
hours,0.14292622926002524,3930
favorite,0.12846694938657163,3930
wanna,0.12166997667746354,3930
loverboy,0.6006509282019286,3934
touch,0.2280072595456424,3934
enjoy,0.22062627310500404,3934
shudder,0.20021697606730954,3934
starting,0.1997562822311128,3934
stuff,0.19400325510618743,3934
long,0.18184375147686793,3934
anticipation,0.18060724269328648,3934
mon,0.16791475379580825,3934
night,0.15186906362525837,3934
christmas,0.7423781390124231,3935
want,0.312654922701909,3935
baby,0.21041736604092318,3935
underneath,0.16156655432969308,3935
wish,0.15125575618936923,3935
presents,0.12625949223419178,3935
santa,0.1201718962633476,3935
true,0.11310678192344449,3935
lot,0.10608664407237442,3935
make,0.1027150925612232,3935
round,0.43943500447092243,3963
found,0.39386610448935616,3963
love,0.3373003953819625,3963
joy,0.31444353879461434,3963
goes,0.3070788243867221,3963
touch,0.22444295126096409,3963
babe,0.2105930438257173,3963
ride,0.2036287044600874,3963
baby,0.1794717764771278,3963
heaven,0.15229548827732745,3963
think,0.7971771395152408,3964
lying,0.2608905972414099,3964
baby,0.24206582854199282,3964
dreaming,0.18686640891988937,3964
alone,0.17646464181227697,3964
nights,0.15374386420105488,3964
dark,0.13818050327081396,3964
touch,0.133064404359207,3964
cold,0.12478579985389328,3964
another,0.11533473323094069,3964
loverboy,0.6585944470811683,3965
uh,0.4166650566893204,3965
huh,0.394573916353863,3965
love,0.22822196229266217,3965
need,0.14493482694081639,3965
mon,0.14059548363901914,3965
want,0.12961850888706478,3965
hey,0.126954299008404,3965
baby,0.12212690909280952,3965
enjoy,0.10995891860044973,3965
do,0.37828615678050054,4066
miss,0.24397538523392942,4066
sis,0.21012622245250678,4066
dandelion,0.21012622245250678,4066
recover,0.19312581133772572,4066
sleep,0.1831491318949057,4066
sanity,0.17612540022294465,4066
loved,0.16315639216248679,4066
flower,0.16016882361012552,4066
little,0.14035695812772694,4066
help,0.38026091875107215,4067
belong,0.271697541542758,4067
fit,0.24447311827149068,4067
proving,0.21012826318189395,4067
baby,0.2071127634027741,4067
strong,0.2069666682584691,4067
appears,0.20307238654064813,4067
wonder,0.201946617269452,4067
blue,0.19419452018085254,4067
close,0.18012352576569451,4067
save,0.45432499137174714,4068
day,0.3752841352526107,4068
fears,0.19326594604276015,4068
mirror,0.17958080789663544,4068
afraid,0.1624620348082838,4068
unobtrusive,0.15919899037262422,4068
incline,0.15919899037262422,4068
reckoning,0.1520050756233713,4068
bowels,0.1469009118797566,4068
darkened,0.1469009118797566,4068
forever,0.7872488386722929,4081
ooc,0.37847648826073965,4081
ever,0.2029852215039868,4081
wrong,0.13217759879894672,4081
addictive,0.12800083108812343,4081
eternally,0.12601357822903922,4081
control,0.11278538076583142,4081
ve,0.10300164662287996,4081
although,0.09547315713827212,4081
bounce,0.09516914623910422,4081
christmas,0.3575901535502375,4082
forevermore,0.2988126481086277,4082
worship,0.2733677061492662,4082
morn,0.2630523561542337,4082
reigns,0.2578632779080097,4082
child,0.23710160424592794,4082
kings,0.2090191270662764,4082
christ,0.20272306363645995,4082
merry,0.19294877986933182,4082
appeared,0.17675840060336373,4082
gimme,0.8605484998832347,4097
love,0.31420961574118483,4097
heartbreaker,0.1298753770907038,4097
wanna,0.10071159272759908,4097
uh,0.09483463943305122,4097
jay,0.08228284824827958,4097
huh,0.08125359700576743,4097
break,0.07678107276087925,4097
incessantly,0.07397600146581355,4097
jigga,0.07198228910387576,4097
belong,0.3237799072092496,4098
together,0.30601284144188023,4098
else,0.30601284144188023,4098
come,0.21999434615486735,4098
back,0.2090522521064277,4098
lying,0.19211746029916513,4098
who,0.1789072648796933,4098
fathomed,0.1748395245138422,4098
baby,0.16454314341755685,4098
gonna,0.16325680199352338,4098
christmas,0.6306705500897469,4099
want,0.2529608715130764,4099
baby,0.23834041623046578,4099
santa,0.1701488588698532,4099
wish,0.16061988147827488,4099
underneath,0.15250578937629125,4099
make,0.11634571031286231,4099
stocking,0.10706349524676932,4099
oh,0.10691777701506738,4099
true,0.10676367477545934,4099
envision,0.2935522600752196,4117
relive,0.2935522600752196,4117
caressing,0.2856407920559971,4117
splendor,0.2791766520111919,4117
rooftop,0.26897699576972117,4117
rainy,0.23830884729274163,4117
realness,0.212085016253812,4117
pounding,0.19042719470399805,4117
time,0.16385940406522623,4117
night,0.14844397892186184,4117
seem,0.48473496287033063,4118
mine,0.36804752864366513,4118
can,0.2604154847689581,4118
give,0.22602013152008452,4118
suffer,0.18424684745255557,4118
dreams,0.17678765473018093,4118
best,0.1531840275733388,4118
baby,0.15308428634957028,4118
springtime,0.15009790251518035,4118
trigga,0.15009790251518035,4118
prisoner,0.8583565509259609,4123
love,0.1726558729627357,4123
strong,0.14688389987980752,4123
ll,0.12666795503414388,4123
enough,0.12106909861211765,4123
planned,0.10587409987903391,4123
believed,0.10539717907189254,4123
comes,0.10424681684158027,4123
wanna,0.09810322276775131,4123
held,0.08954209013729345,4123
somethin,0.7889026350708253,4124
hey,0.3384187989993008,4124
say,0.3264822018989633,4124
worth,0.31075447432292697,4124
good,0.11545188759376032,4124
de,0.06709411879493471,4124
gon,0.06536245757779245,4124
tell,0.06477828196501621,4124
uh,0.035724053193338365,4124
organic,0.03523280258299526,4124
do,0.8436198305389401,4125
wrap,0.31536288183609723,4125
wrong,0.19341877544914476,4125
gone,0.16981179808816677,4125
scoo,0.1464389498860497,4125
baby,0.09021090000410248,4125
bump,0.0821456726932304,4125
told,0.07971634636279999,4125
breath,0.07857599669747228,4125
scroo,0.07668471884073713,4125
far,0.3166378935031161,4126
battles,0.294104860239049,4126
believe,0.2165544669927169,4126
brought,0.19320296266391065,4126
speak,0.18675111902745598,4126
would,0.18307167493453821,4126
leave,0.18140321427156034,4126
easy,0.17938936701697486,4126
started,0.17380052584717345,4126
never,0.1716571768088835,4126
live,0.5496953821662951,4130
can,0.5344720272908764,4130
anymore,0.26912610255371583,4130
shows,0.23933569080504194,4130
living,0.22085656333654893,4130
without,0.20013209544911245,4130
sorrow,0.19546838030891858,4130
give,0.16941690719950053,4130
forget,0.13294260303369637,4130
evening,0.12143347956944466,4130
joy,0.6437826682790098,4131
nature,0.3307245883387901,4131
heaven,0.31180540769219894,4131
wonders,0.24719182869805306,4131
sing,0.21030617175319954,4131
sounding,0.1980695600913851,4131
repeat,0.17832403112101325,4131
prepare,0.17414694633049335,4131
earth,0.13319335874297492,4131
world,0.12807453014808678,4131
coming,0.4721901035512406,4135
ain,0.33732377405375713,4135
cool,0.316341778532964,4135
back,0.29070046709756164,4135
rear,0.2545037129547166,4135
rocks,0.21631818228543787,4135
view,0.2137790238850557,4135
dirt,0.20601140512427166,4135
coat,0.1869209266980559,4135
used,0.18045014689316127,4135
july,0.5692058692487504,4155
fourth,0.5247138089518074,4155
felt,0.16653924074420848,4155
hand,0.15719230126869527,4155
mine,0.15375295456542237,4155
starry,0.15271095036072801,4155
eyed,0.1493801621983688,4155
threateningly,0.13590642881002485,4155
truly,0.13415437562731453,4155
daze,0.10441022537408097,4155
heavenly,0.6903968990766346,4156
sleep,0.49978883228549487,4156
peace,0.4244799460556303,4156
holy,0.1470185774168707,4156
infant,0.10540276411253412,4156
yon,0.10333932771922995,4156
mild,0.09505296769189171,4156
virgin,0.09146202878995091,4156
tender,0.08385908512907775,4156
calm,0.07904014599808047,4156
adore,0.45743839304462813,4165
reign,0.36397509596185423,4165
shall,0.30647998672394333,4165
ye,0.30348328223432924,4165
come,0.2511353232099826,4165
hallelujah,0.2437509493825052,4165
us,0.20443483811040616,4165
forever,0.19220083562801374,4165
evermore,0.19080285580313858,4165
christ,0.15654025414540348,4165
joy,0.6859721172302483,4192
nature,0.3083484149288594,4192
heaven,0.29070926873343605,4192
wonders,0.23046731706664267,4192
sing,0.19607727092678853,4192
sounding,0.18466856427763145,4192
repeat,0.1662589788563351,4192
everywhere,0.14553645879156255,4192
world,0.14329111202388006,4192
earth,0.12418175876713376,4192
life,0.43793932898077115,4207
waiting,0.3553951139197373,4207
romances,0.3203003785959792,4207
freaky,0.20685411637676288,4207
chances,0.20399685010998164,4207
taken,0.1960313456892628,4207
twice,0.17444421475482627,4207
ve,0.1743382610683561,4207
way,0.1595401738403491,4207
billie,0.14777863094812607,4207
boy,0.9390268275873661,4208
uh,0.1138604606881665,4208
wrap,0.10657100175254092,4208
fiending,0.09452564704711976,4208
crush,0.07473944267699012,4208
adore,0.07238501083682304,4208
never,0.06736801927336512,4208
go,0.06675663545580009,4208
let,0.0653278489829167,4208
touch,0.06195133400901609,4208
record,0.44063580869114516,4229
oh,0.35799783888682984,4229
feels,0.2609263334192387,4229
rewind,0.25108236968070113,4229
press,0.22319247308506368,4229
first,0.22087669845456143,4229
like,0.1965253394394843,4229
time,0.1953281111592185,4229
reason,0.17745973289666808,4229
thinking,0.16363423137700966,4229
claus,0.6268372972738565,4242
santa,0.5481801650656204,4242
comin,0.3591037141498872,4242
town,0.2750361545952631,4242
ooh,0.15320875123190195,4242
better,0.12984076722229124,4242
pout,0.11567471375757946,4242
tellin,0.0741750434806625,4242
whoa,0.0681317812383784,4242
hey,0.061108512552870725,4242
befo,0.34114069610975245,4243
cut,0.32632340547685557,4243
scissorhands,0.3208002761626352,4243
slither,0.3208002761626352,4243
aka,0.2973953664494498,4243
lawn,0.2770549465023326,4243
snakes,0.26365705439393566,4243
ed,0.24447088091724334,4243
mo,0.21866728860961387,4243
grass,0.21571640438434153,4243
skydiving,0.7293047377560776,4244
intimacy,0.2984351889838869,4244
lifted,0.2941735562999543,4244
eternal,0.24237197807599997,4244
usual,0.20397939827776426,4244
re,0.16509940893379596,4244
we,0.16118673918054618,4244
floating,0.13505874751283567,4244
ain,0.11675443767640707,4244
baby,0.09805080597142611,4244
alone,0.5151049414960668,4258
maze,0.2773312116055505,4258
lost,0.2667359460095506,4258
haze,0.252205609508929,4258
guess,0.23716095284271815,4258
spark,0.22543636097188302,4258
beyond,0.21996583753471338,4258
dark,0.20167626591430213,4258
love,0.18573174977240253,4258
away,0.18083724559532166,4258
da,0.4053497889305546,4352
rainbows,0.3662762828737176,4352
miracles,0.3086850362587033,4352
meaning,0.27288896417265857,4352
brighten,0.22335035693552566,4352
forever,0.20891632052872383,4352
amazing,0.20370355909903573,4352
seeing,0.1930025698249239,4352
du,0.17609211514555204,4352
baby,0.1745047719631062,4352
forget,0.34716913849858017,4353
baby,0.28943658610850087,4353
let,0.2565984081465095,4353
us,0.2223640553974353,4353
go,0.21413855556636938,4353
never,0.18192068402036163,4353
like,0.15670255738094532,4353
nope,0.14716171253800486,4353
serious,0.14522511738487157,4353
waking,0.13562276197938894,4353
shoodoodoo,0.819004405346555,4354
ooh,0.3371471721293991,4354
snowman,0.304076896331939,4354
he,0.19050041982112959,4354
baby,0.13340299398827812,4354
little,0.13058633145921666,4354
else,0.0826997475136587,4354
ain,0.07060009527436892,4354
real,0.06154613675185954,4354
oh,0.05984361271983845,4354
pum,0.7409100330447909,4367
pa,0.4821518152563254,4367
rum,0.3769754498152037,4367
thee,0.08341195023491242,4367
smiled,0.08205414343021265,4367
thy,0.08142797137836628,4367
dreamless,0.05476859506304398,4367
shineth,0.05476859506304398,4367
mortals,0.05229370120286505,4367
stars,0.05074206606764937,4367
hastily,0.5642972955944403,4378
need,0.42016345293837326,4378
believe,0.3037001409052252,4378
remember,0.26708663884144,4378
act,0.26269151116101586,4378
baby,0.23897950416985353,4378
see,0.17263054628129454,4378
know,0.15211710807354195,4378
suddenly,0.14577218917523965,4378
gonna,0.10538277555776426,4378
obsessed,0.6709757979668991,4391
shorty,0.46503638516612583,4391
mad,0.3883957321884854,4391
guess,0.3518250525363085,4391
oh,0.18085643136684335,4391
got,0.1618378134835929,4391
preserved,0.0,4391
presses,0.0,4391
pressed,0.0,4391
press,0.0,4391
beautiful,0.6939207738077837,4397
ah,0.4698037412388581,4397
pretend,0.2342043372125803,4397
mean,0.1609048906343284,4397
yeah,0.1508546305338332,4397
fucking,0.14256959309719344,4397
thing,0.13544862139054736,4397
darling,0.12541062567598005,4397
oh,0.12390905008064974,4397
bike,0.12289500897573138,4397
twister,0.3586514830143832,4404
fragile,0.32355178739463814,4404
childlike,0.19972096349682308,4404
kind,0.19556099121668602,4404
grapple,0.19069593399335794,4404
ultimately,0.19069593399335794,4404
effervescent,0.19069593399335794,4404
depth,0.16886418381491566,4404
magical,0.1638973516662379,4404
closure,0.15805752678334714,4404
runway,0.8467597346293405,4405
horizon,0.18691403555597197,4405
kissing,0.15145611884868276,4405
fighting,0.14009066382668067,4405
demons,0.13374275245859807,4405
let,0.1308579295582014,4405
race,0.12610326988920117,4405
shake,0.11939897369386028,4405
win,0.1167349083117948,4405
rising,0.11244592656153904,4405
distance,0.6051727501233355,4415
us,0.30597404324975697,4415
laughs,0.2688519705077937,4415
di,0.23299299940914822,4415
going,0.2005212861425832,4415
we,0.18828373893067832,4415
da,0.18139524317136704,4415
re,0.17532196826959398,4415
la,0.15737070377715862,4415
yeah,0.13268646302670545,4415
overwhelming,0.5777950889394353,4434
mustard,0.5210597500351779,4434
yeah,0.3948124188957147,4434
ho,0.3158689433099371,4434
beat,0.262801244285761,4434
ooh,0.21354464682680557,4434
know,0.11092925751150762,4434
like,0.10967418233177184,4434
press,0.0,4434
presidio,0.0,4434
bounce,0.6345364938276888,4450
movin,0.33807702160032077,4450
hey,0.3077911042288347,4450
mae,0.26611874468396024,4450
rae,0.24813199327456226,4450
keep,0.15324204690347037,4450
shawnte,0.1441986810388029,4450
danja,0.1441986810388029,4450
connecting,0.13768260316720451,4450
migrate,0.13305937234198012,4450
teacher,0.5317241637108887,4467
goodbye,0.3749419750790551,4467
learn,0.3396684762713553,4467
uptown,0.26560940983990305,4467
joy,0.18791163232253744,4467
whose,0.15285105640059535,4467
boy,0.1517997518876133,4467
yeah,0.14882481388375476,4467
think,0.14880452660348192,4467
danger,0.14112251913020704,4467
noel,0.7008127562129053,4468
israel,0.43935132589998915,4468
king,0.39115627321948027,4468
born,0.37190471790556007,4468
fields,0.05935498801279965,4468
angels,0.05194069037419399,4468
lay,0.03842693208120876,4468
continued,0.035083522639741925,4468
shepherds,0.035083522639741925,4468
gifts,0.03302948998341955,4468
chance,0.409309241882242,4475
suffering,0.36904474976146556,4475
sorry,0.36231769852187834,4475
heartache,0.3240124485122722,4475
fool,0.25405887682628103,4475
hmm,0.24895405439974086,4475
past,0.21894004854761892,4475
boy,0.18914878943657187,4475
uh,0.13936190160038667,4475
back,0.12677729475399946,4475
end,0.6614396082449027,4498
bay,0.6565013421055508,4498
ay,0.2151802869804713,4498
talk,0.11432924532477011,4498
love,0.080350980243692,4498
jd,0.0763415135586528,4498
said,0.07138027057111934,4498
let,0.07087819154152764,4498
meets,0.06327534400601484,4498
coaster,0.06261498606378572,4498
baby,0.6718638016845179,4563
us,0.34051783897567695,4563
let,0.2928178878456993,4563
forget,0.27883136209690595,4563
go,0.2612562962904934,4563
experience,0.1322015075622831,4563
speaking,0.11263855217514099,4563
compare,0.11263855217514099,4563
forever,0.11081776702067431,4563
waking,0.10650579926894012,4563
cry,0.7671791740732222,4564
till,0.4663254312866416,4564
break,0.3579372375403926,4564
maybe,0.09712780107605432,4564
imprudently,0.05839550292331067,4564
blares,0.05839550292331067,4564
subdued,0.055756715649680544,4564
entitled,0.05388446628356545,4564
enchanted,0.05243223685216517,4564
disregard,0.05243223685216517,4564
slipping,0.6710325870406615,4579
far,0.43913652458404934,4579
away,0.3823969254442645,4579
aloof,0.251439560745638,4579
try,0.1692309648547514,4579
baby,0.1352183816058349,4579
reach,0.12917513011169768,4579
grasp,0.11370697085466125,4579
time,0.11100868162603965,4579
fading,0.10085916401297196,4579
though,0.47058555978353095,4586
even,0.3624461627119233,4586
lover,0.32661134570379885,4586
hold,0.26617381858951955,4586
friend,0.2515365286649998,4586
would,0.19145368420113645,4586
baby,0.18480752428128186,4586
give,0.16371459908787875,4586
allowed,0.14597937345964104,4586
inside,0.14412023823133616,4586
sent,0.653590046762237,4596
enough,0.2865493017454698,4596
feels,0.21801331509597732,4596
touch,0.2071749341835024,4596
can,0.20666408863888938,4596
life,0.20217293228600888,4596
love,0.19813146189269062,4596
without,0.19416599662688036,4596
much,0.19066342784717322,4596
must,0.18827560054992368,4596
saying,0.4682392564233866,4597
keep,0.3900484113957526,4597
baby,0.2960705704485059,4597
stay,0.2846549437422408,4597
night,0.20551543469185843,4597
without,0.16524248654679516,4597
lost,0.16143813292379983,4597
outside,0.152098277017566,4597
drive,0.14248300537673694,4597
late,0.14184201526844362,4597
bringin,0.7865008797674685,4603
heartache,0.4237015633360247,4603
heartbreak,0.3024321181936301,4603
can,0.1281231882668256,4603
best,0.12661457407723817,4603
see,0.12241399004411968,4603
oh,0.09460232392216571,4603
searchin,0.08460533996931117,4603
burnin,0.07595015485760577,4603
takin,0.05740245708050141,4603
limitless,0.46486684831832975,4604
pressure,0.3097725958851385,4604
rules,0.2635345172901089,4604
lose,0.2540633918111132,4604
mon,0.24596545662116073,4604
life,0.23539139603393025,4604
nothin,0.2347062943302712,4604
world,0.21720554966063846,4604
without,0.18259408196165225,4604
means,0.18157576389704794,4604
comes,0.5427127014714662,4621
feel,0.5001340398698157,4621
alive,0.29752640211148,4621
feeling,0.29548396875638944,4621
deep,0.2628085309238413,4621
inside,0.22378162471180368,4621
come,0.1790431092793513,4621
futile,0.09704551147577056,4621
persuasive,0.09704551147577056,4621
wane,0.09704551147577056,4621
closer,0.4596457461524249,4637
lead,0.4262086977474186,4637
move,0.3355966103401565,4637
love,0.19926565481505268,4637
foreseen,0.19828244103771897,4637
truths,0.19828244103771897,4637
reborn,0.19828244103771897,4637
way,0.19752717902684092,4637
take,0.18899779919165668,4637
belonged,0.17400515139101905,4637
wit,0.2954164781399858,4646
mariah,0.22214271997934668,4646
girl,0.18327757724270793,4646
know,0.16487218696445946,4646
incidentally,0.1630970250942997,4646
fiyay,0.1630970250942997,4646
fiyah,0.1630970250942997,4646
calla,0.1630970250942997,4646
kronic,0.1630970250942997,4646
feelin,0.15449765791140993,4646
divine,0.6369224905617186,4647
night,0.43184539595720883,4647
oh,0.2872899572434996,4647
christ,0.1921412804138303,4647
rejoices,0.15924823429648532,4647
yonder,0.15924823429648532,4647
glorious,0.14891726808257713,4647
born,0.14603571782319805,4647
weary,0.13702983743389194,4647
morn,0.1329714619756345,4647
wanna,0.36009504689823635,4662
around,0.2891261205774095,4662
every,0.26960938471405377,4662
minute,0.24026904416657147,4662
sets,0.23858369745917862,4662
heaven,0.23845375739396282,4662
felt,0.2341691474085285,4662
never,0.21836758473016762,4662
lose,0.20367228981616295,4662
give,0.1770184437842714,4662
wanted,0.5509525803822297,4663
ever,0.5381061653648496,4663
ve,0.3249336410257011,4663
alone,0.2535408036704031,4663
love,0.1714113473932454,4663
could,0.14051806606295705,4663
caress,0.12879818425169248,4663
live,0.12303633314193536,4663
shower,0.11670857372087545,4663
know,0.11494801474275647,4663
lady,0.5353049301349853,4664
forever,0.441242692581227,4664
jodeci,0.3829540825855261,4664
laying,0.28831661105675643,4664
love,0.23389222037922167,4664
bumpin,0.2235015958078601,4664
ecstasy,0.19144815194033102,4664
bed,0.19078913853504392,4664
baths,0.1342244962561158,4664
sunsets,0.12515237076537827,4664
rain,0.4441455758720006,4722
afraid,0.31886110280187485,4722
tighter,0.3076943305359047,4722
yes,0.27015811234200326,4722
mend,0.2694051567790871,4722
stand,0.24314230110780297,4722
faith,0.21681766481701403,4722
make,0.21531489709687052,4722
strong,0.20569404693149018,4722
ll,0.1882441769203395,4722
face,0.507261044209496,4752
break,0.4581255931849481,4752
boy,0.26412434369537585,4752
hoo,0.15512214613591635,4752
ha,0.1482975889955786,4752
mariah,0.11634160960193726,4752
bbj,0.10874405902242497,4752
ain,0.10210338670885423,4752
yellow,0.09900520221083689,4752
yo,0.09778135855436493,4752
sprung,0.571349888128317,4756
upside,0.29059552151386236,4756
twisted,0.27459512691525806,4756
turning,0.23741283963414045,4756
toss,0.2324764172110899,4756
boy,0.20325426440301866,4756
thoughts,0.18115010509376872,4756
baby,0.17232845801440738,4756
fill,0.1703755455613437,4756
nothing,0.16843340538320892,4756
oh,0.5853411065480727,4757
effects,0.5672976916053014,4757
side,0.24575379713398765,4757
still,0.16275783589015244,4757
inside,0.1416862523428995,4757
strength,0.10865548671050491,4757
little,0.10074036435677877,4757
protective,0.0971683807878208,4757
deal,0.09558475954189985,4757
defensive,0.09454961526755022,4757
que,0.45963581963994227,4777
hay,0.42960635204859837,4777
nos,0.2349745505025985,4777
como,0.23132649725693757,4777
un,0.22548520986456042,4777
el,0.20226579610163936,4777
en,0.19508628484351342,4777
libro,0.1588067237177643,4777
lo,0.145790160589372,4777
amor,0.12436672237866558,4777
boy,0.7328615070060991,4783
face,0.6776798614015791,4783
break,0.06053112422122922,4783
preservation,0.0,4783
pressed,0.0,4783
press,0.0,4783
presidio,0.0,4783
presidents,0.0,4783
presidential,0.0,4783
presidente,0.0,4783
make,0.6955589437530489,4784
wanna,0.42553550077276275,4784
stay,0.26121929830921,4784
uh,0.20815775562306757,4784
touch,0.17258418901580558,4784
long,0.15484715703180374,4784
kiss,0.1509010153999931,4784
yeah,0.13336318954369825,4784
thing,0.09947920831688968,4784
love,0.09284099094693367,4784
da,0.4256067538673151,4789
oh,0.34932287397048256,4789
subside,0.2622140365997072,4789
portrait,0.2469169172427387,4789
teardrops,0.23965430622062972,4789
conceal,0.23111518605467862,4789
rise,0.2237093545795772,4789
spill,0.20983196481944325,4789
bottle,0.15129964908616064,4789
tomorrow,0.1506593632995849,4789
christmas,0.6788734203454811,4860
want,0.2808041772511121,4860
baby,0.19241778478864685,4860
underneath,0.1846822286165765,4860
wish,0.17289624241868493,4860
presents,0.1443237092388895,4860
santa,0.13736514782451034,4860
true,0.12928921238640192,4860
lot,0.12126468832008079,4860
make,0.11741076168558451,4860
vanishing,0.7781051156196244,4864
drifting,0.3264255399304654,4864
swiftly,0.2276118479157437,4864
fading,0.18206934060687435,4864
away,0.16242277156427945,4864
recapture,0.15955482402562604,4864
faster,0.11334572947755128,4864
letting,0.10673694776412315,4864
memories,0.09752486841531952,4864
enraptured,0.08645612395773604,4864
cry,0.3874776333208511,4865
do,0.2607304016737261,4865
baby,0.2379154359797484,4865
tippy,0.2218504407360021,4865
wandering,0.20477295719966612,4865
toes,0.15345020718180322,4865
know,0.1490735521846701,4865
crying,0.14432771607373931,4865
child,0.13914101405006746,4865
dpg,0.1264015650765921,4865
wish,0.5094104040887751,4884
well,0.42533342010333525,4884
lord,0.193515347766171,4884
enemy,0.16119198452889097,4884
hmm,0.14548382363113324,4884
salvation,0.13182698187222913,4884
know,0.12179196800923146,4884
still,0.11638538023338273,4884
protect,0.11157141037791721,4884
curse,0.10889433323853881,4884
la,0.6389862097944207,4895
betcha,0.3226847062653471,4895
welcome,0.21873796531923084,4895
feels,0.1987042575519229,4895
gon,0.1944587010780792,4895
though,0.17942265652083006,4895
memoirs,0.17157230448193897,4895
imperfect,0.15769112545506803,4895
laugh,0.14127899530521568,4895
angel,0.10390892599519132,4895
immortalized,0.26691902609694695,4903
nobu,0.25485743755168916,4903
cs,0.25485743755168916,4903
datin,0.2462996042871934,4903
receipts,0.23966163310630048,4903
stoop,0.2296524125991069,4903
basically,0.2032573274512659,4903
le,0.2032573274512659,4903
sucking,0.19299917212242834,4903
romance,0.18538578445450862,4903
ha,0.6051591021097863,4912
stop,0.37436720888847913,4912
rhapsodize,0.2912127164443214,4912
can,0.23915754146231552,4912
hype,0.19291651608519317,4912
senses,0.17240745802257415,4912
fool,0.167040824421476,4912
funny,0.1605842479542786,4912
lose,0.14860155161726563,4912
return,0.14573393000444823,4912
gen,0.7470531295776655,4913
mo,0.4572140405653687,4913
yeah,0.3181216940303562,4913
one,0.16704062342189052,4913
da,0.12425804568669395,4913
na,0.09518927786081795,4913
kissin,0.06699816002669358,4913
parti,0.06496114170240569,4913
towering,0.05994291126154318,4913
inferno,0.05994291126154318,4913
ooh,0.7607391551908835,4919
stay,0.2808926261347221,4919
oh,0.26211934306547474,4919
love,0.16638861120924758,4919
try,0.13929375218420728,4919
really,0.13189264948877988,4919
baby,0.12984772052032595,4919
know,0.11622893812389799,4919
unconditional,0.11042150891887356,4919
highly,0.10699027767414919,4919
bout,0.49624740207869156,4920
tings,0.36403876796476303,4920
bye,0.3079849085836208,4920
merry,0.2650543729536716,4920
fuck,0.23620625626784233,4920
caymus,0.15780597567405738,4920
scusa,0.15780597567405738,4920
get,0.13941851449208503,4920
martyr,0.133425038697753,4920
mimi,0.13135357332232125,4920
carey,0.45471907050645616,4921
trust,0.3457170399733446,4921
buggin,0.29500108788954593,4921
ms,0.27733210097471606,4921
love,0.21960028865392262,4921
somehow,0.20381879051470062,4921
thinkin,0.1873614960383135,4921
cause,0.17631650644642982,4921
messed,0.16613211349482426,4921
hold,0.16455006821738427,4921
good,0.6406212381557941,4922
user,0.27377682799413583,4922
evening,0.25701578025047617,4922
care,0.23310929419810214,4922
always,0.2268396312663469,4922
reputation,0.21651962809065484,4922
afternoon,0.1991479334907232,4922
friends,0.16729323104960675,4922
mine,0.16219310219567956,4922
telling,0.1485524689141796,4922
higher,0.5703890399221716,4930
carry,0.5684333697132048,4930
lord,0.3108144916340975,4930
need,0.19439800986210168,4930
strength,0.1426218207067693,4930
home,0.12556111645853035,4930
tonight,0.12306186092237452,4930
world,0.12090771334452402,4930
pray,0.11707424624251597,4930
bird,0.11622410809840046,4930
bye,0.9849592143445124,4931
peoples,0.04966924664989225,4931
wish,0.04786193376287911,4931
never,0.04203955945133946,4931
hardest,0.03931032383573188,4931
say,0.03605742816875223,4931
goes,0.03164543843569342,4931
reached,0.030136316371364606,4931
lost,0.027229023031008173,4931
could,0.027199899989500016,4931
remember,0.4344323083135624,4937
used,0.38149837566131206,4937
eternity,0.28205963905127773,4937
melt,0.2606496177142798,4937
together,0.21419863226365288,4937
told,0.21203324704322696,4937
hold,0.20735405395791354,4937
needed,0.20586545986033172,4937
believing,0.17277436237503568,4937
forever,0.15909986063105955,4937
happen,0.7311324360704072,4949
make,0.422804012485219,4949
gonna,0.28008949554731166,4949
lord,0.15767872317864975,4949
knees,0.14750721501269942,4949
pray,0.1455121607764962,4949
believe,0.1415191545350905,4949
he,0.12368492745989972,4949
night,0.11451867600642848,4949
enough,0.1109748594841028,4949
got,0.481995037328442,4950
know,0.41080920641945823,4950
whenever,0.2658924248965083,4950
elated,0.22682012984374372,4950
daydreamin,0.22682012984374372,4950
intoxicated,0.1837264780399343,4950
hypnotized,0.1815269519046461,4950
baby,0.17343835166933022,4950
starry,0.16991061616273267,4950
eyed,0.16620468500562077,4950
mmm,0.535605296281888,4957
hoping,0.3468301933549225,4957
going,0.3407723135983491,4957
showing,0.30932799499538716,4957
questions,0.20962860412682005,4957
know,0.18478747796275855,4957
things,0.16370319101844044,4957
behind,0.1424454656338122,4957
open,0.1315264749382863,4957
life,0.12853817702230602,4957
christmas,0.7198749804312775,4958
da,0.3231504067331495,4958
air,0.20482282608743674,4958
cheer,0.16343332160820753,4958
time,0.13052545668630722,4958
share,0.12772848801792805,4958
occupied,0.1129144849347245,4958
year,0.10999450219740896,4958
evergreens,0.10912294035787923,4958
scrooge,0.10912294035787923,4958
loving,0.41609250228005584,4959
long,0.3743545995244602,4959
eternally,0.3380082248961209,4959
remix,0.3041919671076999,4959
time,0.29133021013036836,4959
ll,0.23523777779954877,4959
stopping,0.13469187390467968,4959
breathe,0.10159635054251845,4959
aerobics,0.10151935034287418,4959
mcâ²,0.10151935034287418,4959
baby,0.9311038539121972,4960
promised,0.12621314105354484,4960
nervous,0.11927316132688895,4960
scared,0.09016824274370297,4960
one,0.08848885085488568,4960
hurt,0.08177064121655338,4960
wanna,0.06883667568540643,4960
finally,0.0659804680269382,4960
anymore,0.06450621778656179,4960
love,0.06118610106622673,4960
camouflage,0.4765148997832467,4965
wear,0.2757199973654115,4965
know,0.2610139180332206,4965
need,0.25633702981647905,4965
laugh,0.2165405443049241,4965
say,0.21533624542892416,4965
disguise,0.2120093133448347,4965
still,0.2095186723571705,4965
love,0.2075871600617157,4965
discern,0.19722868279130693,4965
boyfriend,0.44709311681628844,4974
much,0.32651999209787863,4974
enamored,0.31342306613577503,4974
love,0.2639072705902736,4974
girlfriend,0.2534854551481789,4974
felt,0.22525673291674436,4974
that,0.21812334155610713,4974
baby,0.20080138498781316,4974
gotta,0.1961781417651277,4974
ever,0.16569513226384203,4974
hero,0.623354147768646,4985
lies,0.26146081738917476,4985
cast,0.2241237301106474,4985
aside,0.22276027725881697,4985
survive,0.19866399179916314,4985
strength,0.1931146746208969,4985
fears,0.18933817214523604,4985
carry,0.18325657905214449,4985
finally,0.1690183891612431,4985
along,0.15454509691489393,4985
mine,0.552910135251732,4986
seem,0.5097450658307624,4986
eternal,0.3410858859468488,4986
give,0.24447264135483643,4986
can,0.21796362225277055,4986
suffered,0.18306361846718433,4986
baby,0.13798520063272157,4986
springtime,0.1352933712988236,4986
suffocating,0.12204241231145622,4986
forget,0.0959196748703575,4986
baby,0.5074258919238862,4987
adore,0.3707237575853778,4987
forever,0.2920615257095749,4987
live,0.2916995227610308,4987
shine,0.26490557678711063,4987
till,0.18995664487388564,4987
everything,0.1802107012645589,4987
bad,0.1356190804069823,4987
yeah,0.13471501900891156,4987
endure,0.1243817439984488,4987
conquer,0.3953570517973618,5009
yes,0.32034598181646784,5009
found,0.3188398599696659,5009
stay,0.2514294579641921,5009
love,0.24822651335633406,5009
mind,0.2335088990784138,5009
someone,0.20426289633877387,5009
shown,0.1897592720852732,5009
brighter,0.1645358064353558,5009
world,0.16204668323161472,5009
fantasy,0.491008374451401,5016
sweet,0.4359881049810962,5016
boyfriend,0.3807964155060276,5016
house,0.22176415653526263,5016
laughing,0.1856812920012427,5016
dreaming,0.18153569135327674,5016
sleeping,0.17902667498641736,5016
beginning,0.1616225180484257,5016
remix,0.1535848536901963,5016
heaven,0.15350120662580258,5016
child,0.3561337801562594,5023
steadied,0.24712587743595252,5023
grew,0.22600014675364627,5023
moon,0.19677966913761583,5023
ground,0.18897749477306994,5023
feet,0.17696502514032053,5023
soon,0.17411117962955577,5023
little,0.16507143195512183,5023
raised,0.16375283708040397,5023
sky,0.1623598648917722,5023
misleads,0.4633272848967371,5033
downhearted,0.3562794823153527,5033
hurts,0.3161017745523547,5033
reach,0.27770261166902005,5033
baby,0.27252607819948077,5033
ever,0.2679821727937371,5033
need,0.24915466781764112,5033
rush,0.22182734684649405,5033
call,0.1924239820419643,5033
really,0.1722423121151196,5033
betcha,0.34506767133804706,5040
welcome,0.31188091186390454,5040
memoirs,0.2446311809398281,5040
feels,0.22665316446951678,5040
imperfect,0.22483912167691789,5040
know,0.1510818118154865,5040
day,0.15099199947490569,5040
angel,0.14815539928280613,5040
woke,0.13906230145948198,5040
bolted,0.12231559046991405,5040
young,0.6933010557599455,5052
love,0.3805246128651812,5052
underneath,0.33531613864309895,5052
stars,0.25794801879034646,5052
drifting,0.2522872264264635,5052
drifted,0.106334311279401,5052
lay,0.10494932317056382,5052
imagined,0.09269879504177775,5052
baby,0.07860625001172561,5052
fading,0.07817636003057737,5052
sunflower,0.3761967301899905,5053
shining,0.31145477693717166,5053
thank,0.22938150490845186,5053
doubts,0.21092261171347745,5053
sky,0.1752197321700278,5053
proud,0.16733816871964421,5053
anybody,0.16691462755610684,5053
father,0.14843054247561463,5053
peace,0.1410229388107815,5053
cascades,0.13966088152656755,5053
wind,0.3568589224759872,5055
leaving,0.2363264006054346,5055
loved,0.23044860260769326,5055
pass,0.2222403466353742,5055
downward,0.2151185708751892,5055
behind,0.21194245539278006,5055
escaping,0.19131190889170438,5055
wandering,0.18883560180351008,5055
die,0.18634103038304484,5055
flown,0.17463554408810297,5055
saving,0.5031271220576011,5056
grace,0.4754231267534522,5056
giving,0.30346478937588695,5056
within,0.20450302219399824,5056
catching,0.17694370578725,5056
exist,0.16770904068586703,5056
strength,0.15246233030501025,5056
yes,0.1419505940206799,5056
shined,0.13881073647378983,5056
kept,0.1357857286800388,5056
break,0.5653504178792675,5057
boy,0.4246155077643618,5057
face,0.42405508510925866,5057
ha,0.22728265254142282,5057
mopey,0.13636017903486805,5057
hoo,0.12967748190580536,5057
cc,0.12822974095678843,5057
ain,0.12803307340968936,5057
gonna,0.10371867998476411,5057
bbj,0.09090678602324537,5057
finally,0.5892829163454966,5071
want,0.3620909032383766,5071
anymore,0.2880580668521731,5071
need,0.26991815108454353,5071
believe,0.2438758652852095,5071
real,0.2360958964481452,5071
know,0.1832285519141185,5071
love,0.18215453327488593,5071
see,0.1584285406313601,5071
really,0.14438995454925438,5071
gotta,0.3045191925198337,5078
purely,0.24325681280798658,5078
appealing,0.22875269241444704,5078
merely,0.22875269241444704,5078
swiftly,0.22357594777391487,5078
he,0.22010618117266448,5078
sacred,0.21919907254499185,5078
love,0.2048261549864188,5078
physical,0.2038950827398432,5078
finds,0.19755925935368918,5078
ones,0.6224360295363819,5092
hundred,0.3020012725600928,5092
percent,0.2927883177955309,5092
put,0.20685987385919025,5092
rise,0.19462859356282178,5092
discourage,0.16172828249750676,5092
walking,0.15207329263995498,5092
comprehend,0.14321288268621826,5092
champion,0.13264885227774745,5092
victory,0.12898371257876085,5092
captured,0.4560175461097601,5102
can,0.29711326150317485,5102
try,0.26230779035754387,5102
even,0.23977712197842502,5102
let,0.23032620464224124,5102
dreams,0.2259046597993987,5102
something,0.2248715835405598,5102
go,0.2196727613725376,5102
soul,0.21938687283066133,5102
though,0.20754466507105185,5102
mind,0.5246781582687323,5110
baby,0.41477688199911056,5110
yes,0.33872706232228766,5110
darling,0.29294332245465804,5110
slipping,0.21111437423432944,5110
ooh,0.15882708004668644,5110
worry,0.15266094842025707,5110
tight,0.14912305182518956,5110
yeah,0.13703561359438995,5110
emotions,0.13468208128875975,5110
wanna,0.3940109957706929,5125
show,0.38648151085306326,5125
love,0.31519820984305746,5125
know,0.2642138999468446,5125
travelled,0.2560128981773271,5125
little,0.22731304061398214,5125
feel,0.22153342331183096,5125
heartache,0.19604728439144775,5125
time,0.15735342915834186,5125
life,0.1559406539636165,5125
greener,0.38642817046792594,5134
discover,0.38097687515536377,5134
believing,0.32770493103513093,5134
satisfied,0.3119046519234825,5134
someday,0.300906839459464,5134
grass,0.280296550956282,5134
closer,0.26904772792491255,5134
soon,0.20820218691616338,5134
dreams,0.20182353870317954,5134
told,0.16086724822894305,5134
emotions,0.6169805242772557,5139
heavens,0.35507085129469335,5139
feeling,0.32609170494201645,5139
dreamed,0.30143592651471723,5139
deeper,0.3001370774947876,5139
higher,0.24149769196902196,5139
got,0.15537222183494329,5139
ve,0.14245429366075546,5139
ever,0.14154680960624352,5139
tenderly,0.12448604926542575,5139
circles,0.5565155459005903,5144
running,0.39250003788400045,5144
round,0.2659852165305552,5144
around,0.2608013481412015,5144
tumbling,0.17682102130586155,5144
changed,0.1672094206493169,5144
nothing,0.1486477277380918,5144
keep,0.14311405422189852,5144
without,0.1273223915951103,5144
kept,0.11880625699742234,5144
infinity,0.4226744225796711,5145
ain,0.26143351249265295,5145
truly,0.21931806160086179,5145
none,0.18310408807971273,5145
comprends,0.16663676298107288,5145
pretense,0.1591067487255086,5145
fritos,0.1591067487255086,5145
mat,0.1537641185871483,5145
compliments,0.146234104331584,5145
truthfully,0.146234104331584,5145
inseparable,0.7271404864842705,5153
phone,0.29847696307080396,5153
thought,0.18821628231659343,5153
bumping,0.15699633350724357,5153
bop,0.15417218647889697,5153
swore,0.1454702034236281,5153
us,0.13686811785953815,5153
pick,0.13221095664459653,5153
cause,0.1260211189507123,5153
searching,0.12289221852691677,5153
resides,0.3882674059964667,5154
glimmer,0.33405841398619357,5154
distant,0.265669880851062,5154
there,0.25175607539831896,5154
somewhere,0.20002414863246137,5154
strong,0.18257220333630725,5154
fine,0.17848190955172144,5154
deep,0.16732524506078425,5154
dream,0.16527650516527667,5154
cause,0.16111784866122006,5154
baby,0.7056631237914535,5160
ones,0.38005440722441364,5160
beautiful,0.36498551943649243,5160
oh,0.17410543935773123,5160
want,0.1685138482290459,5160
may,0.14132247858909097,5160
mean,0.1150996222255505,5160
married,0.10165681527808948,5160
know,0.10106420070871802,5160
yes,0.09724707723422692,5160
there,0.34056865052860424,5162
empty,0.3258089207942196,5162
space,0.3096754406267569,5162
look,0.25765271131206213,5162
take,0.2503214912895773,5162
odds,0.2248311668082334,5162
shared,0.21701687666220237,5162
face,0.19804212323455256,5162
knew,0.18746926777872705,5162
remind,0.18267636563656076,5162
tonight,0.37817827184014896,5169
give,0.3213353063670863,5169
risk,0.3212008677126199,5169
memory,0.2878315770984215,5169
living,0.21543510234843188,5169
next,0.20724399759853562,5169
song,0.20090507102108515,5169
body,0.19139295972472228,5169
mine,0.18687757808336725,5169
feel,0.17112318690387837,5169
shake,0.29005810697661727,5171
ecstasy,0.28318460852181165,5171
little,0.2744527189543287,5171
baby,0.2531140500539241,5171
thing,0.23168974623185531,5171
higher,0.23162506552742954,5171
fire,0.2090566958339458,5171
floor,0.19066460244232022,5171
ass,0.18356474525369454,5171
light,0.1834704708656239,5171
heavenly,0.6550307900874947,5174
sleep,0.4552192965548553,5174
peace,0.36821543889218505,5174
holy,0.2231799014200908,5174
thy,0.20331072769522782,5174
jesus,0.15993390591708692,5174
birth,0.1253646187340362,5174
night,0.10209385515306074,5174
lord,0.0878570055465067,5174
redeeming,0.08000274154924943,5174
faded,0.6853260000141146,5175
echo,0.4898931148757699,5175
intangible,0.21058620750111728,5175
somewhere,0.16273189386466227,5175
whisper,0.13412073752501705,5175
ear,0.12460472727529355,5175
baby,0.12386542973822981,5175
boy,0.11270118894800586,5175
subconsciously,0.10529310375055864,5175
always,0.0999588381617193,5175
jesus,0.9207905025583506,5181
glory,0.1842317587221699,5181
oh,0.15712367411611222,5181
new,0.12223419557895661,5181
lowly,0.10934115205535787,5181
wonderful,0.09347441752777001,5181
king,0.08672456099195923,5181
born,0.07679747330993454,5181
angels,0.07293430929082144,5181
meek,0.06873637881252696,5181
somewhere,0.3533540734010563,5182
uncertainty,0.33772105690167464,5182
outside,0.265288130781796,5182
always,0.2604593000036399,5182
eager,0.24634149905734679,5182
hard,0.22857085634015992,5182
standing,0.2120124440406338,5182
lies,0.2069734186412065,5182
forever,0.17833711719793227,5182
try,0.1384924447415666,5182
overwhelmed,0.3786393965901164,5183
found,0.36290102425795817,5183
gratitude,0.3565502204422671,5183
thankful,0.32112454054976475,5183
completed,0.233476002826843,5183
sunlight,0.19438426170387746,5183
every,0.19038762010109625,5183
thank,0.18469671347458178,5183
reality,0.17483839114239474,5183
without,0.16612490060194385,5183
all,0.871415852205231,5184
like,0.21645117107020462,5184
go,0.14175955132081056,5184
stress,0.09969514943961254,5184
fights,0.09847962713327088,5184
tears,0.09815228620727669,5184
dj,0.09674453962918633,5184
spinnin,0.09660822999259881,5184
fellas,0.09348094886655647,5184
let,0.09289652943172992,5184
yaaay,0.6086922179457392,5214
mix,0.575628324034636,5214
us,0.2701710771187379,5214
round,0.16697718057571156,5214
side,0.15783913549679038,5214
mixed,0.13753896411681615,5214
turns,0.12124563650677236,5214
goes,0.09075443859662924,5214
got,0.08942557257117874,5214
free,0.08683092813067796,5214
goes,0.6381938658268713,5215
heart,0.3443477853857636,5215
conclusion,0.2086833712530806,5215
baby,0.205145316959012,5215
deceiving,0.19793766478729055,5215
charms,0.1903134647162642,5215
foresee,0.14628605181258042,5215
taken,0.1455385569368394,5215
bend,0.14473539931980195,5215
casual,0.130096921444932,5215
weakness,0.6428747147239516,5216
strength,0.38328623270575013,5216
body,0.36952881014661115,5216
tore,0.24744650463983897,5216
heart,0.1792992141319338,5216
sad,0.17421230658851922,5216
apart,0.1704922502262861,5216
lonely,0.16200580886003252,5216
feeling,0.12271733645962785,5216
love,0.10180968768167137,5216
believe,0.5053101362560056,5223
still,0.3223300158566648,5223
matter,0.3165884662386706,5223
together,0.2654586996804922,5223
imagination,0.21662647129033244,5223
krayzie,0.18660352656278106,5223
baby,0.16652670566050334,5223
gonna,0.15735700707850958,5223
say,0.1171191744129666,5223
blatting,0.10111269102632316,5223
guide,0.34550005976898385,5224
wise,0.33397220997540306,5224
written,0.325958782830542,5224
keeping,0.28662526910146907,5224
doubt,0.2717469443790153,5224
upon,0.2567375522872236,5224
follow,0.23766421483579755,5224
lord,0.23170361704208933,5224
word,0.22993813499560106,5224
strong,0.2261086388310654,5224
oh,0.8721798527561542,5230
here,0.20848598201514454,5230
standing,0.19005404597679307,5230
bravo,0.14089753497772417,5230
cheers,0.12696297643006318,5230
toast,0.09871468681497783,5230
gave,0.09774219124659207,5230
hour,0.08933157479962263,5230
boy,0.07897400971850235,5230
ovation,0.07378288265196715,5230
want,0.7435629896382734,5231
mesmerized,0.266871486943131,5231
tell,0.26070230335132144,5231
yeah,0.26039553801989257,5231
say,0.24431039219730924,5231
undeniably,0.1240711152680164,5231
mesmerizing,0.11846456572901677,5231
exterior,0.11846456572901677,5231
interlude,0.1067485947772524,5231
glimpse,0.10327355644757596,5231
christmas,0.5195214159747311,5240
comes,0.2784907312822296,5240
worries,0.22089319020431245,5240
celebrate,0.21734346187730946,5240
mistletoe,0.21516302949933397,5240
cares,0.21412189073153218,5240
singin,0.2131109341886086,5240
holiday,0.21024283456863108,5240
hangin,0.20357967644969135,5240
gon,0.19351276158964442,5240
baby,0.3055465930284098,5241
think,0.28437035229123614,5241
uh,0.26717126436524813,5241
huh,0.25180133560520923,5241
miss,0.2503876816950467,5241
whispered,0.24193866500661468,5241
missing,0.22035742755149976,5241
used,0.2200166133005069,5241
else,0.17294480110846855,5241
come,0.17051106712203828,5241
ll,0.7319690451005982,5254
name,0.2703596279935729,5254
call,0.23614475484425268,5254
comfort,0.1794087593138719,5254
strength,0.15645397174056055,5254
build,0.15645397174056055,5254
glad,0.14457644685616428,5254
pact,0.126355592413438,5254
unselfish,0.126355592413438,5254
holding,0.12430747460749418,5254
melt,0.5954061604090921,5273
anytime,0.28425846309886665,5273
away,0.2625995939913376,5273
arms,0.20676235298738738,5273
baby,0.19732146289038627,5273
rain,0.18627284458718754,5273
break,0.16064663960137762,5273
around,0.15861285841264658,5273
fall,0.15701238111137242,5273
face,0.13834839750793554,5273
runway,0.8244481349401023,5274
horizon,0.18872929740369226,5274
¼ã,0.15898514034581332,5274
³ã,0.15898514034581332,5274
kissing,0.15292702237570802,5274
fighting,0.1414511889285542,5274
demons,0.13504162825048313,5274
race,0.12732795295819466,5274
let,0.12332020276760143,5274
shake,0.1205585463335432,5274
begins,0.46148153557733607,5284
tonight,0.37626808184517285,5284
fade,0.3285401963617477,5284
tenderly,0.2736043368181644,5284
reached,0.23335854532015357,5284
return,0.21988757382072022,5284
sweet,0.19620714990596833,5284
time,0.193493598762317,5284
closer,0.1904949762906573,5284
pulled,0.1861334392602467,5284
comfort,0.49950131841900186,5291
tidings,0.4478617590078694,5291
joy,0.41432974740815365,5291
dismay,0.2239308795039347,5291
saviour,0.20178444556121078,5291
astray,0.18186384253968604,5291
gentlemen,0.1665004394730006,5291
christ,0.16554987218499317,5291
satan,0.16374655585157724,5291
ye,0.16047507670936878,5291
angels,0.47812859071816494,5299
cry,0.32875688101635203,5299
love,0.20747204711936265,5299
strike,0.20104560054361564,5299
gift,0.19083552614133142,5299
revived,0.16851466288548442,5299
storm,0.16780736373904012,5299
twice,0.15332362947276132,5299
goodbye,0.1417660503195867,5299
felt,0.13798965954420433,5299
maybe,0.6140826607079926,5307
could,0.3743519508562213,5307
mine,0.34271374429033435,5307
back,0.2716592827577988,5307
bring,0.22266586570981164,5307
dream,0.14507105243354435,5307
way,0.11316755287646409,5307
real,0.11097808646543104,5307
accountable,0.10846686821713886,5307
possibility,0.10846686821713886,5307
kiss,0.5873152290992552,5308
last,0.5182478815977097,5308
asking,0.20684299273275175,5308
millionth,0.1747858301215833,5308
rationalize,0.1747858301215833,5308
gon,0.16212776970565362,5308
obsession,0.1612836725184162,5308
believe,0.13438327038547404,5308
endless,0.1207771997089147,5308
happening,0.11903160003871084,5308
nostalgia,0.920534451651439,5309
summer,0.24773565884050905,5309
though,0.19922036831287324,5309
best,0.18789226559607783,5309
that,0.12747983385657294,5309
aa,0.0,5309
press,0.0,5309
presidio,0.0,5309
presidents,0.0,5309
presidential,0.0,5309
letting,0.22602100198092948,5310
reuniting,0.1830753096622003,5310
reverberating,0.1830753096622003,5310
dominion,0.1830753096622003,5310
exceedingly,0.1830753096622003,5310
flinging,0.1830753096622003,5310
falling,0.17905331812327557,5310
hurtful,0.17480246718172796,5310
contacts,0.17480246718172796,5310
audacity,0.1689327920302609,5310
trust,0.3722554986299293,5311
bugging,0.3441372205890095,5311
carey,0.3264166061759062,5311
ms,0.2986210906537575,5311
love,0.2627306454577396,5311
somehow,0.21946463934508093,5311
messed,0.17888500014991474,5311
thinking,0.17404750019435228,5311
understand,0.17316455273644416,5311
hold,0.1550338225626725,5311
find,0.3355063873557049,5312
always,0.31056461927872503,5312
someone,0.2434796829872256,5312
never,0.22429367750573542,5312
warm,0.21969628315103576,5312
alone,0.21882639578079136,5312
way,0.19553502478955723,5312
would,0.19136662961161852,5312
showered,0.18111988704941875,5312
heart,0.17053774087687393,5312
herald,0.5940380355727176,5321
glory,0.40036407147426595,5321
angels,0.3962438021051522,5321
born,0.3337855460596183,5321
king,0.3141097801340592,5321
sing,0.27926380469660844,5321
new,0.2043336842297384,5321
presi,0.0,5321
presses,0.0,5321
pressed,0.0,5321
ya,0.46783500499394154,5328
love,0.40522581745879854,5328
impossible,0.32673269894574275,5328
jodeci,0.2948801345115245,5328
like,0.2574743122338857,5328
bumpin,0.20651932009308666,5328
laying,0.177606339593125,5328
bed,0.1469103722689442,5328
lady,0.14132313311341793,5328
given,0.12409421939240986,5328
wades,0.28477720577091337,5339
harbors,0.28477720577091337,5339
disenchanted,0.27190863835065987,5339
insecurity,0.24990967704221898,5339
hides,0.24990967704221898,5339
adolescent,0.24990967704221898,5339
aware,0.2101497460412535,5339
inside,0.20900213359679504,5339
granted,0.20591175442533716,5339
well,0.20107007472809107,5339
rain,0.5245499574369106,5340
tighter,0.29071738052426677,5340
stand,0.25525221283946603,5340
mend,0.25454080139252483,5340
make,0.24412194828354164,5340
afraid,0.24101442336279397,5340
faith,0.20485480982768883,5340
live,0.17036228586784424,5340
strong,0.16658137242672358,5340
day,0.13918465560561355,5340
way,0.45631361240444296,5341
alleviate,0.25360408968189774,5341
comes,0.2445868664178103,5341
everyday,0.23973628837936845,5341
feeling,0.23304249402681548,5341
bad,0.21506806945145374,5341
oh,0.21271881509888083,5341
every,0.20680103521495757,5341
night,0.20518867820587017,5341
hesitate,0.19511526551616673,5341
wee,0.784234187881707,5342
ooh,0.3310818933693792,5342
chick,0.28509860277693244,5342
da,0.239094055521323,5342
like,0.15789430395010082,5342
la,0.10371385469788579,5342
blaze,0.10236806684833687,5342
flavor,0.08193036355785825,5342
haze,0.07960154100430532,5342
cream,0.07483716871847866,5342
da,0.7343510200728676,5347
honey,0.4440293634259446,5347
strung,0.17218389976062598,5347
ya,0.15712154051844462,5347
taste,0.12748163118673686,5347
addicted,0.11244332376462954,5347
describe,0.10885282457765916,5347
hardly,0.10651400981357502,5347
sugar,0.10329589899369819,5347
cryin,0.09980424011545026,5347
someday,0.6286445459400759,5348
find,0.3315677305927355,5348
believe,0.31958443829269256,5348
love,0.278486132632335,5348
still,0.24092342607178113,5348
dream,0.23592043627026985,5348
melts,0.11714918654869046,5348
grasp,0.10965209005399189,5348
emotional,0.10152828529343934,5348
desperate,0.10152828529343934,5348
sweet,0.662130016645863,5354
fantasy,0.6072036182298747,5354
daydreams,0.259584978970473,5354
baby,0.18094860486385103,5354
deep,0.12747712047326787,5354
close,0.12105297377053353,5354
eyes,0.09261932567861525,5354
take,0.08458540911536037,5354
come,0.07443952750787905,5354
boyfriend,0.07325273246501138,5354
ling,0.6346831407593314,5361
ding,0.6326873490234046,5361
dong,0.32188232528607913,5361
ring,0.22462481190057232,5361
sleigh,0.09445372611327765,5361
ooh,0.08361421475405721,5361
dingling,0.06445066942762329,5361
jingling,0.06445066942762329,5361
yoo,0.057869058327105836,5361
lovely,0.04453548303897707,5361
santa,0.7218183859354643,5366
mine,0.36135232228943875,5366
ho,0.3343311695630789,5366
christmas,0.27317196986802955,5366
gon,0.20649639009540183,5366
come,0.20460423821385848,5366
make,0.1934263126849889,5366
oh,0.09194081710960747,5366
letter,0.03918981396945959,5366
really,0.03701006670605135,5366
divine,0.659684053550173,5374
night,0.48235880282926813,5374
pining,0.13744937868965773,5374
yonder,0.13744937868965773,5374
rejoices,0.13744937868965773,5374
error,0.13475857591410167,5374
saviour,0.13475857591410167,5374
glorious,0.12853257723412745,5374
appeared,0.12853257723412745,5374
brightly,0.12265923026470452,5374
bring,0.7701676685527895,5377
home,0.5307892745169079,5377
gon,0.18851912089097586,5377
win,0.13393476418923717,5377
going,0.1227839587748864,5377
everybody,0.08499457320626679,5377
yeah,0.08124708114365486,5377
know,0.06848324385122832,5377
intentionally,0.06468457735812455,5377
gonna,0.06325787991142152,5377
knowing,0.5831877307736619,5385
whoohooo,0.4963316337362204,5385
vulnerable,0.42703496563553156,5385
known,0.25750948752309066,5385
oh,0.2095387534687495,5385
start,0.19445210978906305,5385
break,0.19014261050714298,5385
heart,0.14374384266519685,5385
right,0.12384013808396033,5385
go,0.10490941495461156,5385
ribbon,0.5341882601304444,5386
bow,0.4108436036342084,5386
lovin,0.33642144273693614,5386
wrapped,0.3286748829073667,5386
packed,0.3022582078112339,5386
mind,0.2059498413007844,5386
oh,0.19313887326385887,5386
hey,0.18599992353596836,5386
got,0.16048374679186683,5386
boy,0.1515653494918366,5386
do,0.8645322438345254,5387
wrap,0.25854430632026143,5387
scoo,0.24011041817047843,5387
wrong,0.17076848098908778,5387
gone,0.13921699753022748,5387
effed,0.08701791511670179,5387
buh,0.0846727127586317,5387
baby,0.0739577036723333,5387
told,0.0653539419501738,5387
breath,0.06441904780071607,5387
beautiful,0.7326889298601617,5403
pretend,0.2675216599210895,5403
shoulda,0.22512418382069066,5403
yeah,0.20513670550777668,5403
mean,0.15753841505937027,5403
thing,0.15471720318967705,5403
dealer,0.1537583603949531,5403
body,0.13212334028205147,5403
can,0.12518343811085736,5403
fucking,0.11632227607484649,5403
takes,0.4585964758324985,5411
hurting,0.3133861565859411,5411
heal,0.29303306976024385,5411
escape,0.2816772876024427,5411
blind,0.2375440919946678,5411
wanna,0.21916838085631227,5411
inside,0.21340242512747032,5411
time,0.19256105198638795,5411
pain,0.18123481910623868,5411
love,0.17532881579862097,5411
fades,0.8156813387979348,5412
stays,0.20797997243899094,5412
away,0.19551605949903797,5412
whoa,0.1576084293577501,5412
late,0.15356453219706165,5412
baby,0.1469138405453384,5412
oh,0.1437915931776713,5412
fade,0.1418449361836198,5412
love,0.13691444827721977,5412
miss,0.12586453647851858,5412
christmas,0.5452236295772563,5413
comes,0.2922684660235583,5413
worries,0.23182140949113897,5413
celebrate,0.22809606592887108,5413
mistletoe,0.22580776131117386,5413
cares,0.22471511442421263,5413
holiday,0.22064415023402065,5413
hanging,0.19204949327054083,5413
snow,0.18414777290769033,5413
singing,0.16871985589599342,5413
giving,0.546958818601708,5424
really,0.44551515358871085,5424
life,0.31153203254482786,5424
much,0.22320927464307727,5424
seventeen,0.20490618582531234,5424
thinkin,0.1864826613958735,5424
arms,0.15319764970601812,5424
jeane,0.1483312207226998,5424
norma,0.1433504209977299,5424
evergreen,0.13633037806721834,5424
saw,0.7454086732843691,5432
never,0.21325927201458417,5432
breathe,0.2001084132272367,5432
fell,0.19579186695214568,5432
deep,0.17234417181967623,5432
could,0.14642806957347707,5432
transcending,0.13330450027973284,5432
rendered,0.13330450027973284,5432
wakening,0.13330450027973284,5432
gazed,0.12728071075406092,5432
shake,0.9033211322594377,5433
gotta,0.25254323092943304,5433
mc,0.07565935129430541,5433
calgon,0.06916705374372265,5433
baby,0.06817445411848318,5433
appreciates,0.06684449993080854,5433
what,0.06535794607684854,5433
commercial,0.06124849037275723,5433
bounce,0.06071800719477402,5433
somewhere,0.049759009772568225,5433
oh,0.8649165511944694,5441
thanx,0.27316216390738546,5441
nothin,0.18154563570614382,5441
playing,0.13133552835973597,5441
all,0.12082541749707186,5441
know,0.11505636837263815,5441
mimi,0.11368652604069716,5441
def,0.10930752712280209,5441
dedicated,0.10696109776624392,5441
game,0.10676054503823228,5441
break,0.3770723080934477,5455
breakin,0.3336079579434496,5455
steady,0.308403653987101,5455
extremes,0.24606914017528658,5455
nonchalant,0.20805159253299318,5455
losing,0.20351766594415577,5455
reality,0.17003404489069973,5455
slowly,0.1561971696101216,5455
prove,0.15102527106955302,5455
convincingly,0.12303457008764329,5455
doo,0.6129146448802516,5456
wish,0.34594861797309123,5456
knew,0.3407079819574538,5456
love,0.2558142860114326,5456
clue,0.24764787753666587,5456
inside,0.1668030827689659,5456
probably,0.1651484763781399,5456
paralyzed,0.15134462848766453,5456
helpless,0.13968558695552255,5456
got,0.1202056990669656,5456
baby,0.6915478219635165,5462
secret,0.41920079237424807,5462
hush,0.23614319841844408,5462
oh,0.2206032516000193,5462
come,0.21368536216030973,5462
give,0.181516538256085,5462
keep,0.1735346432874001,5462
got,0.14805368386610496,5462
gentlemen,0.1391137174108963,5462
love,0.1312827640576015,5462
real,0.9304391926132133,5463
baby,0.24969326495403107,5463
percent,0.1254343033920683,5463
cable,0.08779803332096049,5463
hotter,0.08191637221445021,5463
tv,0.07177429371150505,5463
eventually,0.0639320450686179,5463
dreams,0.05323485042020798,5463
million,0.04741052765321481,5463
deal,0.044461326252457925,5463
forever,0.6424201534143728,5474
always,0.5082172412288637,5474
one,0.38672715951037645,5474
darling,0.18475567038155705,5474
ever,0.1558987414920174,5474
unfailingly,0.12353955278600764,5474
unburden,0.12353955278600764,5474
reminisce,0.08991280329166987,5474
ashamed,0.08822478864317018,5474
treasure,0.08822478864317018,5474
obsessed,0.9655401818824683,5479
oh,0.2602540243115754,5479
preservation,0.0,5479
pressed,0.0,5479
press,0.0,5479
presidio,0.0,5479
presidents,0.0,5479
presidential,0.0,5479
presidente,0.0,5479
president,0.0,5479
almost,0.783803584574386,5480
home,0.5443463838504534,5480
open,0.0993617030575267,5480
alone,0.08797448383052285,5480
eyes,0.07412422001175492,5480
know,0.05982760240921611,5480
vanish,0.05461153983878953,5480
compass,0.050920389888675,5480
trumpet,0.05003963490668438,5480
go,0.05003832231425246,5480
end,0.8316392575798695,5486
boy,0.23785485978241738,5486
friends,0.19447965730919134,5486
bravo,0.15913382553926742,5486
gonna,0.12104083789475006,5486
like,0.09254050727352535,5486
love,0.08932882971768666,5486
beep,0.08460969760698048,5486
steppin,0.07983404921213758,5486
baby,0.07842506728797956,5486
cry,0.548882810216261,5506
given,0.4408370302422396,5506
soul,0.3023795158661077,5506
wanna,0.2924163074124611,5506
heart,0.20742577850432023,5506
letting,0.16579282229381798,5506
us,0.13755162119623948,5506
believing,0.12639156382070024,5506
must,0.12311379838443026,5506
ve,0.1218233992684332,5506
storybook,0.4675214589073169,5507
romance,0.42191625125693033,5507
sweetheart,0.38707452177036117,5507
share,0.2811955639404131,5507
baby,0.2245971200815189,5507
think,0.1456883919670062,5507
could,0.14298882621939168,5507
twilight,0.14058904055774285,5507
warn,0.14058904055774285,5507
one,0.13583133497922315,5507
there,0.4101537395287291,5519
unite,0.2960562451771094,5519
way,0.2730626824059177,5519
got,0.2708281215590596,5519
connect,0.26160529836317187,5519
together,0.2583297775774814,5519
human,0.21414719299414625,5519
relieve,0.2002392319457407,5519
today,0.19650552943419095,5519
race,0.18012431460521083,5519
christmas,0.8859202051528292,5520
ah,0.21228009038899529,5520
watching,0.12852399638695747,5520
yeah,0.09845828831781855,5520
please,0.0967857841771395,5520
halls,0.09299018306980099,5520
ringing,0.08692633748260772,5520
baby,0.08692009122964667,5520
deck,0.08467139298744324,5520
home,0.08389963492802942,5520
look,0.3226047791637627,5521
tingly,0.28184798711957776,5521
like,0.28169205356522603,5521
appealing,0.25306606976854307,5521
teasing,0.24249702681255733,5521
tonight,0.21508817172786082,5521
visions,0.21283022453978687,5521
definitely,0.21283022453978687,5521
inside,0.20685233742106754,5521
holla,0.18335792033375037,5521
peculiar,0.6155008922811557,5541
ways,0.35514906151466336,5541
unbelievable,0.34618211133197146,5541
thinking,0.3276486474172703,5541
ve,0.2439610732615288,5541
thinkin,0.21702173033934782,5541
suddenly,0.20432632217631114,5541
falling,0.15471777195157355,5541
think,0.08852378714858503,5541
baby,0.08684495080524628,5541
mariah,0.5936045559850289,5542
cut,0.26537034847070134,5542
slither,0.2608788693853394,5542
scissorhands,0.2608788693853394,5542
carey,0.24184569878748652,5542
aka,0.24184569878748652,5542
lawn,0.22530461028812127,5542
snakes,0.21440927382770822,5542
ed,0.1988068332553286,5542
grass,0.175423326802648,5542
around,0.49227223798449143,5548
go,0.34386155580183275,5548
end,0.3372992932032195,5548
change,0.321294465704189,5548
gonna,0.2665004379763852,5548
ever,0.24311212318328498,5548
oh,0.1988120041207512,5548
yeah,0.18825813490229878,5548
never,0.17611449192836598,5548
ooh,0.13885138292357,5548
goodnight,0.5323895506064584,5552
lead,0.3819167120581554,5552
sorry,0.3362660775874195,5552
trying,0.3072477107000099,5552
knew,0.29594556259591603,5552
bring,0.2786088602965554,5552
enough,0.27545676289327276,5552
home,0.24210398678237785,5552
tell,0.18667011624057242,5552
take,0.16935698035961116,5552
sweet,0.6657128394542684,5564
fantasy,0.5087410260026926,5564
daydreams,0.32623700988799953,5564
creep,0.17125484007697933,5564
come,0.12473720663890074,5564
raptured,0.12391792265980332,5564
dreams,0.10774214188530795,5564
kiss,0.10409723014420022,5564
room,0.10212086284351642,5564
daydream,0.09144453786749379,5564
simplistic,0.33201374448076043,5565
entitled,0.33201374448076043,5565
portrait,0.3042186066692438,5565
personal,0.2764234688577271,5565
title,0.2674754330949339,5565
and,0.26365350370273527,5565
treasure,0.2569546503633356,5565
mariah,0.2450348917735365,5565
drew,0.2386901238030668,5565
album,0.22547803832066546,5565
vision,0.36328308222654854,5576
faithfully,0.348581210404445,5576
given,0.3100210349004623,5576
prayed,0.3059919112344347,5576
needed,0.21181922000781164,5576
eventually,0.1972258492651387,5576
carried,0.19347798890939305,5576
nights,0.1834626405936091,5576
believed,0.1699483853006297,5576
destiny,0.16706716443718655,5576
lovin,0.8142709282000672,5587
ll,0.35830726620436554,5587
eternally,0.30818138095254516,5587
long,0.2555340223571549,5587
time,0.14903698703565774,5587
breathe,0.08718229510067209,5587
nobody,0.05351299313612089,5587
another,0.047608056296838744,5587
stopping,0.04334338771415532,5587
ooh,0.03531845721505145,5587
girl,0.6258123474156272,5593
gonna,0.4743959667632318,5593
clearly,0.25272207041284106,5593
naughty,0.24827964834238467,5593
thoughts,0.1957279129166327,5593
rock,0.15844184066586744,5593
sure,0.1488270229531628,5593
enough,0.13632368393189073,5593
tonight,0.1342085152583156,5593
show,0.11918849739358618,5593
wanted,0.4375410801015113,5599
romanticized,0.35557015066446,5599
foolishly,0.31203488101463905,5599
linger,0.30592627338098616,5599
opened,0.2432969600391358,5599
saving,0.24214825612668356,5599
stay,0.24129605552933883,5599
words,0.15299480255643708,5599
eyes,0.1484444407243361,5599
someone,0.14702284164500268,5599
belong,0.471031072256715,5604
together,0.37562379834648163,5604
baby,0.22441440413325192,5604
part,0.22289898217920218,5604
gon,0.20644221938012577,5604
who,0.19520408524687163,5604
come,0.16802367746589572,5604
boy,0.1361249877727572,5604
sun,0.12614443008514825,5604
rough,0.11881222033322293,5604
touch,0.48634938050458587,5605
body,0.4663057792068378,5605
oh,0.3079562216466776,5605
yeah,0.22122021701606912,5605
ooh,0.17947913054170084,5605
youtube,0.1651341347089926,5605
deserve,0.15107819153266583,5605
thighs,0.13140305470257027,5605
wrestle,0.12760383523951993,5605
wrap,0.12731423385312887,5605
look,0.3997312680922106,5606
gooder,0.39912065988991413,5606
make,0.34379403408885667,5606
fools,0.26062801642656785,5606
good,0.23779097464855337,5606
players,0.21377163265418492,5606
boy,0.17800062912108236,5606
play,0.1766319102070111,5606
fingertips,0.16164577898148796,5606
fantasize,0.15474775991973536,5606
learn,0.5089166007526099,5608
save,0.4548010384467519,5608
la,0.3778034786349169,5608
day,0.3287176920894803,5608
ever,0.20110909619257958,5608
whoa,0.1896303909804524,5608
curious,0.13985338376695272,5608
divided,0.134743871820473,5608
children,0.13228752957356915,5608
ah,0.10301890380037294,5608
em,0.7616517222647877,5609
get,0.26990133034528335,5609
hit,0.26447282576805486,5609
triumphant,0.14106895929673177,5609
told,0.13610365542336708,5609
go,0.13283575246982626,5609
fall,0.13236243510143317,5609
ropes,0.11863992004213567,5609
possible,0.1159407551623748,5609
stay,0.10661968778638826,5609
take,0.4012699237316313,5619
dreamlover,0.3215673056922723,5619
baby,0.3169525712219844,5619
desperately,0.26953404364591615,5619
rescue,0.25873616616639594,5619
come,0.25425954149109015,5619
need,0.22290093404440808,5619
forever,0.1945918866225053,5619
anywhere,0.193906543595223,5619
share,0.18187793078902656,5619
loverboy,0.667346540525054,5620
mon,0.23704071458713366,5620
enjoy,0.23070528900459425,5620
lover,0.21227133692341194,5620
touch,0.19669935939116243,5620
shudder,0.15702271541765978,5620
long,0.1568746078351314,5620
anticipation,0.141643532076232,5620
huh,0.13797621051680092,5620
rock,0.13414600753023317,5620
cold,0.8127408011242127,5627
cruel,0.27305980916748573,5627
ice,0.2233593388790696,5627
deep,0.17197959866144863,5627
kiss,0.16761830683115805,5627
fire,0.16617574153369175,5627
inside,0.1464407333751873,5627
even,0.1227606488580264,5627
heartless,0.10527292025862464,5627
feel,0.10335263088748776,5627
lullaby,0.5435990347099704,5628
revisit,0.35167606937698936,5628
paradise,0.3093189800671398,5628
hug,0.2781271603874381,5628
sing,0.20665847823254474,5628
guess,0.18905590973768158,5628
sweet,0.18550222423092774,5628
goodbye,0.1854758216988708,5628
ll,0.1813602929933357,5628
yes,0.1592293378140094,5628
anytime,0.42259199560786714,5640
alright,0.3874760639368392,5640
fear,0.3216112163699303,5640
miles,0.3110586201126446,5640
friend,0.26617811463565316,5640
side,0.2424823964718735,5640
alone,0.23166931188942272,5640
lonely,0.21362639260912963,5640
never,0.20353497278776142,5640
away,0.1673112439304701,5640
whenever,0.5972172721384761,5645
hesitate,0.32149531309707824,5645
call,0.31737343337595764,5645
tender,0.23713338419119145,5645
far,0.19090682736830605,5645
part,0.15873922816017608,5645
ll,0.15740008563592417,5645
catch,0.14959941639594987,5645
stronger,0.14622855455305112,5645
always,0.1433030666260526,5645
wait,0.46946942859938146,5661
can,0.3661188385558033,5661
hate,0.2910962299276258,5661
baby,0.17576431865470163,5661
everytime,0.16253585054303868,5661
shake,0.16185419385811006,5661
emotional,0.15640266748089507,5661
changes,0.14748954078301874,5661
cause,0.13285761993031847,5661
press,0.12921170717008879,5661
pieces,0.38541146879423815,5668
find,0.29423870466212043,5668
ground,0.29004708796956713,5668
one,0.25166750849431613,5668
ha,0.22989137571299603,5668
looking,0.2124973324540168,5668
turn,0.21066032064202578,5668
heart,0.19174538067856556,5668
lonely,0.19057669720773532,5668
every,0.1868183454248003,5668
el,0.3232265431020862,5671
que,0.30244579730367466,5671
tã,0.25982329967212797,5671
amor,0.23186518736164272,5671
soã,0.2220554866578076,5671
se,0.21408003127077693,5671
tu,0.20783565213669422,5671
mi,0.19483807386552104,5671
mã,0.15422628798118557,5671
puede,0.14803699110520507,5671
wait,0.4583037714690597,5672
can,0.39315234970305213,5672
shake,0.24829313765059835,5672
hate,0.2232787256360877,5672
break,0.18815770352251765,5672
emotional,0.17994764973373964,5672
changes,0.16969273383687483,5672
oh,0.15551352697783297,5672
metaphor,0.14367165736234638,5672
still,0.14233670338637103,5672
preserved,0.35557624537895494,5677
solace,0.34363638500053706,5677
erase,0.25244351208413357,5677
place,0.23999590033752324,5677
yesterday,0.22088883652857927,5677
learned,0.21727754548170947,5677
memories,0.2100412408998109,5677
far,0.20932431999101755,5677
never,0.19858974384505132,5677
belongs,0.18747444033496224,5677
claus,0.556377872557442,5678
santa,0.48656216747764625,5678
gather,0.3243612498246394,5678
click,0.23463593101904123,5678
ho,0.21380821215012535,5678
round,0.1833851163303587,5678
tonight,0.14879663148440805,5678
comes,0.1487324672185382,5678
christmas,0.1233150188039562,5678
blitzen,0.10281054064085114,5678
hero,0.46598648551593613,5679
cast,0.20105161027097784,5679
aside,0.19982851626279882,5679
survive,0.17821279091849537,5679
strength,0.17323474082962695,5679
fears,0.16984700538747136,5679
carry,0.16439147382115632,5679
place,0.162294661825982,5679
inside,0.1540208871521234,5679
finally,0.1516190154853235,5679
mad,0.5415196185129404,5688
infinity,0.40400355138699023,5688
leavin,0.2503152566550887,5688
packin,0.24472766328118487,5688
bag,0.14873498602821125,5688
mat,0.14697186928406775,5688
eternally,0.13257709004630006,5688
tell,0.1255033982158505,5688
end,0.12548966170646061,5688
hood,0.12207025151793986,5688
imperfect,0.9240101986769209,5701
harmony,0.11763892967122261,5701
greater,0.11493503668761801,5701
perfectly,0.10570034935415468,5701
key,0.07993438288952527,5701
that,0.07423462602550869,5701
defame,0.07261576444334285,5701
exterior,0.06933438924344668,5701
knows,0.06767516040300799,5701
impeccable,0.06700621648795971,5701
fly,0.6313762236814396,5710
bye,0.4679713967003723,5710
spread,0.2907008638640438,5710
butterfly,0.2738868970062673,5710
wings,0.25685230764085687,5710
afraid,0.20973847547958338,5710
prepare,0.1909802950256167,5710
become,0.182859107298741,5710
away,0.12870529927980737,5710
butterflies,0.11375000807966332,5710
gather,0.45536429842964715,5711
claus,0.42058574604492766,5711
santa,0.4203538069039738,5711
round,0.25745071239354184,5711
click,0.1647003551944579,5711
eggnog,0.1564168275351855,5711
ho,0.1500805453439266,5711
comes,0.13920169898078327,5711
bandana,0.13457827394255067,5711
christmas,0.12983962415484418,5711
puedo,0.2728381265588624,5716
hermosa,0.24202065359844072,5716
decir,0.24202065359844072,5716
beautiful,0.23561384669203495,5716
hermoso,0.23108417752236474,5716
mã,0.22412384448629866,5716
cã³mo,0.21730584715152299,5716
asã,0.2123881481827178,5716
que,0.16481945716193175,5716
significa,0.16134710239896047,5716
girlfriend,0.5600649308785697,5728
ex,0.5174923742782986,5728
he,0.315801401339009,5728
let,0.2854638519732555,5728
go,0.2722600875241694,5728
moved,0.1304902318558358,5728
gotta,0.12483272160480885,5728
know,0.12317119360225005,5728
anymore,0.11065167534609699,5728
listen,0.1054337522084286,5728
mi,0.4088089740312034,5738
doy,0.31938852335278217,5738
todo,0.2784325295264411,5738
te,0.26034516874656716,5738
por,0.22690614931315306,5738
tu,0.20126791134361702,5738
mã,0.1991368502765301,5738
amor,0.18711508145099665,5738
estar,0.18250772763016124,5738
en,0.1677232594530142,5738
steadied,0.3278083883775486,5739
child,0.3149370453932166,5739
rolled,0.2444088806304225,5739
raised,0.2172154295314161,5739
guardian,0.20550860240200983,5739
closed,0.2051596290521013,5739
grew,0.19985697073104713,5739
times,0.19575177365217242,5739
moon,0.1740166506093966,5739
ground,0.16711701379051738,5739
bye,0.9611215187013268,5740
goodbye,0.09703965643898438,5740
say,0.05952207301961756,5740
never,0.051380561188003764,5740
come,0.04849409748413343,5740
good,0.047837326364878086,5740
high,0.04362855999175804,5740
wish,0.04073873211268534,5740
lift,0.03838445255471153,5740
gone,0.03556024689189523,5740
never,0.5005996917144481,5748
ll,0.44784330131757516,5748
baby,0.33346438145222956,5748
memories,0.29068739020695145,5748
forget,0.28097694889433544,5748
heart,0.18657948255130666,5748
hold,0.17464752854707732,5748
always,0.16309347784013234,5748
let,0.14277633867520625,5748
vanished,0.1089407793905713,5748
mc,0.3365976961985781,5749
promised,0.32476226312440387,5749
nervous,0.30690482369097694,5749
hurt,0.27052216647461047,5749
finally,0.25466404614728505,5749
scared,0.23201421287005625,5749
somebody,0.21543529388242735,5749
anymore,0.2134061996712232,5749
one,0.21017808611461636,5749
found,0.20222656561542943,5749
never,0.37791213400133417,5750
intimated,0.2755970185005218,5750
woeful,0.2755970185005218,5750
pursued,0.26314328715712276,5750
comes,0.2452650000248933,5750
listened,0.21172763544752718,5750
left,0.20461528819712413,5750
told,0.19099491802680352,5750
stories,0.1894926994249938,5750
touched,0.1843616865496331,5750
try,0.33017943614683537,5754
brightly,0.32930044188100077,5754
shines,0.3149893939009396,5754
there,0.2726503353848753,5754
refuse,0.20402400335841475,5754
anything,0.18265429423342514,5754
oh,0.17752086721035643,5754
faith,0.16210230998937236,5754
light,0.1536669013757652,5754
lord,0.13507815873755538,5754
santa,0.7171553402935622,5759
mine,0.3650901217698342,5759
ho,0.35727731811945274,5759
christmas,0.2610113417136206,5759
come,0.2123997867499703,5759
gonna,0.20861591566731166,5759
make,0.19387197616804921,5759
oh,0.08908089804800638,5759
letter,0.033503622533087384,5759
really,0.03164014266080039,5759
fade,0.5924116780785529,5767
away,0.3711671479096187,5767
hear,0.27728356508739316,5767
searching,0.23984650905127053,5767
need,0.228830655536097,5767
let,0.2043312567052567,5767
sometimes,0.17720800027954997,5767
no,0.16834348449955328,5767
feel,0.13644645186825902,5767
uncertain,0.11826223916888058,5767
ago,0.6325513042300236,5780
haunt,0.4348850771574442,5780
long,0.35121252216460824,5780
far,0.24843733020035633,5780
away,0.1640205422188387,5780
yesterday,0.15535568515371334,5780
used,0.15308958605221393,5780
still,0.15181012339885805,5780
crumbling,0.11492544533940996,5780
want,0.09810597049361083,5780
angels,0.47381559458644573,5781
cry,0.3257913040071005,5781
love,0.2325985786985821,5781
goodbye,0.20812924242813377,5781
storm,0.19708876369277423,5781
strike,0.17709515828503294,5781
drift,0.17709515828503294,5781
lightning,0.17407719884310505,5781
gift,0.16810140394529438,5781
revived,0.14843961179135345,5781
thirsty,0.9264628334672598,5786
uh,0.22179800913687758,5786
boss,0.10100277889971664,5786
discontent,0.09398843127504862,5786
sos,0.08638423055673837,5786
know,0.07186688592396014,5786
boy,0.07024152491256379,5786
fords,0.06562440236214466,5786
about,0.06265895418336576,5786
quench,0.058922931316346676,5786
hollandaise,0.4208340108537471,5787
chefs,0.4208340108537471,5787
holidays,0.3778590375616436,5787
lingerie,0.3408795802508491,5787
expensive,0.29443602394368623,5787
jets,0.2879534047795065,5787
mean,0.2307116091599624,5787
money,0.17543625712840288,5787
shorty,0.14683875257242904,5787
nothing,0.14516218590429072,5787
christmas,0.44151644335160745,5799
miss,0.3538000553634458,5799
season,0.24998660417330631,5799
along,0.19764528246719085,5799
get,0.18274506063360377,5799
comes,0.1775069805612674,5799
time,0.17611960594964066,5799
alright,0.17356225205845408,5799
except,0.1677163869354397,5799
snow,0.14912095759379113,5799
pray,0.5080380992527709,5800
lord,0.4214889499024251,5800
lifetime,0.246696853370406,5800
unclouded,0.23862533390440155,5800
dream,0.21276929318494286,5800
bring,0.19594450333994537,5800
day,0.1841063154396854,5800
come,0.15723190477981655,5800
us,0.1535921522560625,5800
please,0.1473170006039854,5800
